Time (EET),Open,High,Low,Close,Volume 
2026.01.01 16:00:00,592.8,593.5,591.6,593.2,0.04373
2026.01.01 16:10:00,593.4,594.4,593.2,593.3,0.0319
2026.01.01 16:20:00,593.2,593.2,592.3,592.4,0.01847
2026.01.01 16:30:00,592.0,592.0,588.2,588.9,0.05724
2026.01.01 16:40:00,589.0,589.7,588.8,589.6,0.03103
2026.01.01 16:50:00,589.8,591.8,589.7,590.9,0.04508
2026.01.01 17:00:00,590.8,591.2,589.8,591.2,0.03132
2026.01.01 17:10:00,591.1,591.9,591.0,591.1,0.03335
2026.01.01 17:20:00,591.0,591.0,590.2,590.7,0.02465
2026.01.01 17:30:00,590.6,590.9,588.9,589.9,0.03522
2026.01.01 17:40:00,590.0,593.6,590.0,591.4,0.05585
2026.01.01 17:50:00,591.5,592.2,591.1,592.0,0.0261
2026.01.01 18:00:00,592.1,592.8,591.4,592.6,0.05614
2026.01.01 18:10:00,592.7,592.7,591.3,591.9,0.04317
2026.01.01 18:20:00,592.0,593.3,591.3,593.1,0.03472
2026.01.01 18:30:00,592.7,593.0,591.4,591.4,0.02332
2026.01.01 18:40:00,591.5,591.5,587.9,589.6,0.03807
2026.01.01 18:50:00,589.5,589.9,589.0,589.8,0.02205
2026.01.01 19:00:00,590.0,591.3,589.5,590.9,0.03086
2026.01.01 19:10:00,590.8,591.4,590.3,590.9,0.02403
2026.01.01 19:20:00,591.1,592.0,590.1,590.6,0.03401
2026.01.01 19:30:00,590.5,592.6,590.5,591.6,0.05187
2026.01.01 19:40:00,591.7,592.0,590.1,591.4,0.02424
2026.01.01 19:50:00,591.6,591.7,590.7,591.0,0.01616
2026.01.01 20:00:00,591.1,591.4,590.1,591.0,0.02772
2026.01.01 20:10:00,591.1,591.3,589.5,590.2,0.0293
2026.01.01 20:20:00,590.3,590.6,589.5,589.6,0.01943
2026.01.01 20:30:00,589.7,590.3,589.1,590.1,0.0198
2026.01.01 20:40:00,590.0,591.0,590.0,590.6,0.01398
2026.01.01 20:50:00,590.5,590.6,589.8,590.1,0.02345
2026.01.01 21:00:00,590.2,590.5,589.9,590.0,0.01798
2026.01.01 21:10:00,590.1,590.3,589.9,589.9,0.01015
2026.01.01 21:20:00,590.0,590.7,589.9,590.6,0.01131
2026.01.01 21:30:00,590.4,592.6,590.4,592.2,0.02022
2026.01.01 21:40:00,592.1,592.8,591.5,592.2,0.03157
2026.01.01 21:50:00,592.1,592.9,591.8,592.3,0.02608
2026.01.01 22:00:00,592.2,593.0,591.9,592.7,0.02674
2026.01.01 22:10:00,592.8,593.5,592.7,593.3,0.01479
2026.01.01 22:20:00,593.2,594.2,593.1,593.6,0.02693
2026.01.01 22:30:00,593.5,593.6,592.2,592.9,0.02436
2026.01.01 22:40:00,593.0,593.2,592.6,592.9,0.01914
2026.01.01 22:50:00,593.0,593.2,592.6,593.1,0.01301
2026.01.01 23:00:00,592.0,592.3,590.8,591.8,0.00498
2026.01.01 23:10:00,591.7,593.2,591.7,592.6,0.00345
2026.01.01 23:20:00,592.6,593.8,592.5,592.7,0.00305
2026.01.01 23:30:00,592.6,593.8,592.5,592.6,0.003
2026.01.01 23:40:00,592.7,593.6,592.6,593.1,0.00301
2026.01.01 23:50:00,593.2,594.3,593.1,593.2,0.00336
2026.01.02 00:00:00,593.9,595.3,593.4,595.1,0.01988
2026.01.02 00:10:00,594.4,596.2,594.0,595.0,0.02304
2026.01.02 00:20:00,594.9,595.4,594.0,594.4,0.0276
2026.01.02 00:30:00,594.8,594.8,593.1,594.0,0.01971
2026.01.02 00:40:00,593.9,594.0,593.0,593.6,0.03017
2026.01.02 00:50:00,593.7,595.1,593.3,594.2,0.0436
2026.01.02 01:00:00,594.3,595.1,592.9,594.0,0.04032
2026.01.02 01:10:00,594.2,594.6,592.8,593.4,0.01012
2026.01.02 01:20:00,593.5,594.8,593.4,593.7,0.00849
2026.01.02 01:30:00,593.8,594.3,593.2,593.6,0.00336
2026.01.02 01:40:00,593.5,594.5,592.7,592.8,0.00742
2026.01.02 01:50:00,592.7,593.9,592.7,593.5,0.00283
2026.01.02 02:00:00,593.6,594.6,589.8,589.8,0.01597
2026.01.02 02:10:00,591.0,592.0,590.1,591.5,0.00824
2026.01.02 02:20:00,591.6,592.6,591.3,591.3,0.00424
2026.01.02 02:30:00,591.2,592.6,591.2,591.6,0.00196
2026.01.02 02:40:00,591.7,593.0,590.6,591.5,0.01132
2026.01.02 02:50:00,591.6,592.7,591.4,592.7,0.00388
2026.01.02 03:00:00,592.8,593.3,590.7,590.9,0.00983
2026.01.02 03:10:00,590.8,592.0,590.6,591.0,0.00596
2026.01.02 03:20:00,591.1,591.8,590.5,591.6,0.00786
2026.01.02 03:30:00,590.4,591.3,588.5,589.0,0.00998
2026.01.02 03:40:00,589.1,590.0,589.0,589.6,0.00292
2026.01.02 03:50:00,589.7,590.6,589.4,589.8,0.00428
2026.01.02 04:00:00,589.7,589.8,588.4,588.4,0.008
2026.01.02 04:10:00,588.5,589.4,587.9,588.5,0.0055
2026.01.02 04:20:00,588.6,589.0,587.8,588.0,0.00338
2026.01.02 04:30:00,587.9,589.2,587.9,588.0,0.0035
2026.01.02 04:40:00,588.1,590.0,588.0,589.0,0.01192
2026.01.02 04:50:00,589.1,589.6,589.0,589.1,0.00395
2026.01.02 05:00:00,589.0,589.9,586.1,586.6,0.01519
2026.01.02 05:10:00,586.5,589.7,586.1,589.3,0.01096
2026.01.02 05:20:00,589.5,589.5,588.0,588.3,0.01296
2026.01.02 05:30:00,588.2,590.7,588.1,590.0,0.00794
2026.01.02 05:40:00,590.1,592.1,590.0,592.1,0.00996
2026.01.02 05:50:00,592.2,594.1,592.0,592.9,0.01573
2026.01.02 06:00:00,592.8,594.0,592.4,593.5,0.00872
2026.01.02 06:10:00,593.6,594.1,590.3,591.3,0.0099
2026.01.02 06:20:00,591.2,591.9,590.6,591.0,0.00525
2026.01.02 06:30:00,591.1,592.6,590.9,591.6,0.00556
2026.01.02 06:40:00,591.7,591.8,591.2,591.2,0.00207
2026.01.02 06:50:00,591.2,592.3,590.9,591.2,0.00622
2026.01.02 07:00:00,591.1,592.2,590.6,590.9,0.00636
2026.01.02 07:10:00,591.0,592.6,590.9,592.3,0.00493
2026.01.02 07:20:00,592.4,592.7,591.8,592.2,0.0025
2026.01.02 07:30:00,592.3,592.7,592.0,592.4,0.00312
2026.01.02 07:40:00,592.3,593.9,592.3,593.0,0.01985
2026.01.02 07:50:00,593.0,593.9,592.9,593.1,0.00282
2026.01.02 08:00:00,593.0,594.9,593.0,593.8,0.00694
2026.01.02 08:10:00,593.7,594.8,593.7,594.4,0.00584
2026.01.02 08:20:00,594.5,595.3,594.2,594.6,0.00302
2026.01.02 08:30:00,594.6,596.2,594.6,595.6,0.00335
2026.01.02 08:40:00,595.7,596.5,594.6,594.6,0.0063
2026.01.02 08:50:00,594.7,594.7,593.1,593.2,0.00437
2026.01.02 09:00:00,593.3,595.1,593.3,594.9,0.00352
2026.01.02 09:10:00,594.8,595.2,594.4,594.8,0.00414
2026.01.02 09:20:00,594.7,595.2,594.2,595.1,0.00517
2026.01.02 09:30:00,595.0,595.4,593.7,594.6,0.00368
2026.01.02 09:40:00,594.7,596.6,594.7,596.4,0.00449
2026.01.02 09:50:00,596.3,596.6,594.6,594.8,0.00694
2026.01.02 10:00:00,594.9,595.8,594.6,595.8,0.00326
2026.01.02 10:10:00,596.0,596.7,594.8,595.2,0.01052
2026.01.02 10:20:00,595.3,596.1,594.7,595.0,0.0044
2026.01.02 10:30:00,594.9,596.0,594.8,595.8,0.00207
2026.01.02 10:40:00,595.7,595.8,594.6,594.8,0.00251
2026.01.02 10:50:00,594.9,595.5,593.9,595.0,0.00866
2026.01.02 11:00:00,595.3,595.5,594.8,595.3,0.00303
2026.01.02 11:10:00,595.6,599.2,595.6,596.3,0.01363
2026.01.02 11:20:00,596.4,597.3,596.2,596.7,0.00357
2026.01.02 11:30:00,596.6,597.4,596.5,597.2,0.00333
2026.01.02 11:40:00,597.3,601.2,597.3,600.6,0.03097
2026.01.02 11:50:00,600.7,601.3,598.8,599.8,0.03751
2026.01.02 12:00:00,599.9,602.6,599.4,600.4,0.01382
2026.01.02 12:10:00,600.5,601.4,599.2,600.3,0.01549
2026.01.02 12:20:00,600.2,601.0,598.5,598.6,0.01063
2026.01.02 12:30:00,598.5,598.8,596.6,597.4,0.00744
2026.01.02 12:40:00,597.5,598.5,597.1,597.4,0.00539
2026.01.02 12:50:00,597.6,598.3,596.8,597.0,0.00767
2026.01.02 13:00:00,597.1,597.6,594.8,595.1,0.00551
2026.01.02 13:10:00,595.2,595.8,594.6,595.5,0.00526
2026.01.02 13:20:00,595.6,595.8,594.6,594.7,0.00329
2026.01.02 13:30:00,594.8,595.6,594.7,595.2,0.00557
2026.01.02 13:40:00,595.1,596.6,594.2,595.7,0.01044
2026.01.02 13:50:00,595.4,596.4,594.9,595.8,0.00621
2026.01.02 14:00:00,595.7,596.4,594.3,594.6,0.00875
2026.01.02 14:10:00,594.5,596.0,594.5,595.2,0.00549
2026.01.02 14:20:00,595.1,595.6,594.6,594.7,0.00684
2026.01.02 14:30:00,594.8,597.2,594.8,596.1,0.00975
2026.01.02 14:40:00,596.2,598.1,595.9,596.7,0.01045
2026.01.02 14:50:00,596.6,597.2,593.9,594.3,0.00857
2026.01.02 15:00:00,594.2,595.5,593.0,595.0,0.00603
2026.01.02 15:10:00,594.9,596.5,594.7,596.2,0.00552
2026.01.02 15:20:00,596.3,598.0,596.1,597.6,0.011
2026.01.02 15:30:00,597.5,597.6,595.7,596.4,0.00476
2026.01.02 15:40:00,596.3,597.1,596.1,596.3,0.00328
2026.01.02 15:50:00,596.3,596.5,593.9,594.6,0.00473
2026.01.02 16:00:00,594.7,596.4,594.2,595.1,0.00608
2026.01.02 16:10:00,595.2,595.8,592.4,593.2,0.01437
2026.01.02 16:20:00,593.0,593.7,589.5,593.0,0.01441
2026.01.02 16:30:00,592.9,594.9,588.5,594.2,0.04221
2026.01.02 16:40:00,594.9,599.9,593.9,598.3,0.03475
2026.01.02 16:50:00,598.4,601.4,596.1,596.7,0.0242
2026.01.02 17:00:00,597.0,598.4,592.6,594.0,0.02414
2026.01.02 17:10:00,593.9,595.0,592.2,592.6,0.01594
2026.01.02 17:20:00,592.7,593.0,589.8,591.8,0.02266
2026.01.02 17:30:00,591.7,596.4,591.5,596.4,0.01642
2026.01.02 17:40:00,596.3,597.4,594.9,595.3,0.02018
2026.01.02 17:50:00,595.4,596.0,592.1,592.8,0.01331
2026.01.02 18:00:00,593.1,593.8,591.1,593.1,0.01501
2026.01.02 18:10:00,592.9,597.5,592.0,594.1,0.01721
2026.01.02 18:20:00,594.2,596.9,594.0,595.8,0.01399
2026.01.02 18:30:00,595.9,601.3,595.6,598.2,0.03059
2026.01.02 18:40:00,598.1,599.3,596.2,599.3,0.04655
2026.01.02 18:50:00,598.3,599.6,596.3,597.9,0.02558
2026.01.02 19:00:00,597.8,601.5,597.7,599.0,0.04031
2026.01.02 19:10:00,598.9,619.1,598.0,613.8,0.11598
2026.01.02 19:20:00,613.6,615.9,612.3,614.3,0.04224
2026.01.02 19:30:00,614.4,616.8,612.4,613.9,0.0323
2026.01.02 19:40:00,614.0,619.0,612.5,612.5,0.03648
2026.01.02 19:50:00,612.6,614.0,611.7,613.0,0.02097
2026.01.02 20:00:00,613.1,614.7,611.7,612.8,0.01767
2026.01.02 20:10:00,613.3,616.7,612.5,615.1,0.01592
2026.01.02 20:20:00,615.0,616.4,613.2,614.0,0.00991
2026.01.02 20:30:00,613.9,614.6,612.1,612.8,0.01431
2026.01.02 20:40:00,612.9,613.0,611.0,611.6,0.02134
2026.01.02 20:50:00,611.3,615.1,610.0,615.1,0.02414
2026.01.02 21:00:00,614.9,616.2,613.7,614.7,0.01762
2026.01.02 21:10:00,614.6,616.0,613.4,614.9,0.01119
2026.01.02 21:20:00,614.8,615.4,613.8,614.3,0.00913
2026.01.02 21:30:00,614.4,615.7,613.6,615.2,0.01799
2026.01.02 21:40:00,615.0,616.0,613.6,614.6,0.01186
2026.01.02 21:50:00,614.2,615.2,612.5,612.6,0.01478
2026.01.02 22:00:00,613.0,614.0,610.7,610.8,0.01834
2026.01.02 22:10:00,610.7,611.5,610.1,610.6,0.01423
2026.01.02 22:20:00,610.5,611.3,610.0,610.3,0.01213
2026.01.02 22:30:00,610.4,611.4,609.9,610.1,0.01577
2026.01.02 22:40:00,610.1,611.6,610.1,610.1,0.01203
2026.01.02 22:50:00,610.2,610.2,606.3,606.9,0.01075
2026.01.02 23:00:00,606.7,608.5,606.6,606.7,0.00978
2026.01.02 23:10:00,606.6,607.4,605.4,605.7,0.00526
2026.01.02 23:20:00,605.8,607.5,605.7,606.5,0.0094
2026.01.02 23:30:00,606.6,607.3,605.7,605.8,0.00805
2026.01.02 23:40:00,605.9,607.5,605.4,607.1,0.00647
2026.01.02 23:50:00,606.8,608.7,605.8,608.6,0.01196
2026.01.03 00:00:00,608.3,611.0,607.4,608.4,0.05081
2026.01.03 00:10:00,608.3,609.0,607.0,607.4,0.03385
2026.01.03 00:20:00,607.5,608.2,606.6,606.7,0.02084
2026.01.03 00:30:00,606.8,607.5,606.2,606.6,0.01711
2026.01.03 00:40:00,606.5,609.0,606.3,609.0,0.02113
2026.01.03 00:50:00,608.9,609.6,607.5,607.7,0.01591
2026.01.03 01:00:00,607.3,607.8,606.9,606.9,0.02258
2026.01.03 01:10:00,607.0,614.0,606.9,611.9,0.03842
2026.01.03 01:20:00,611.8,612.2,609.2,609.3,0.03534
2026.01.03 01:30:00,609.4,609.8,609.1,609.8,0.02073
2026.01.03 01:40:00,609.7,609.8,608.9,609.0,0.01533
2026.01.03 01:50:00,609.1,611.6,609.0,611.6,0.01915
2026.01.03 02:00:00,611.7,613.9,611.7,613.6,0.02262
2026.01.03 02:10:00,613.7,614.4,611.5,611.5,0.0226
2026.01.03 02:20:00,611.3,612.8,611.1,611.9,0.02324
2026.01.03 02:30:00,611.8,611.9,610.3,610.7,0.02494
2026.01.03 02:40:00,610.8,631.6,610.7,628.2,0.12746
2026.01.03 02:50:00,628.4,632.7,628.4,629.7,0.12296
2026.01.03 03:00:00,629.8,630.1,622.9,625.5,0.07974
2026.01.03 03:10:00,625.8,627.2,622.6,624.6,0.06473
2026.01.03 03:20:00,624.2,624.8,623.8,623.8,0.03946
2026.01.03 03:30:00,623.9,637.0,623.3,630.2,0.12033
2026.01.03 03:40:00,629.9,632.7,627.6,627.7,0.07347
2026.01.03 03:50:00,627.8,640.9,626.9,638.2,0.06942
2026.01.03 04:00:00,638.4,641.1,634.4,634.4,0.13465
2026.01.03 04:10:00,634.3,638.1,631.7,632.7,0.11042
2026.01.03 04:20:00,632.6,634.7,632.3,633.6,0.04574
2026.01.03 04:30:00,633.5,633.6,632.0,633.0,0.04317
2026.01.03 04:40:00,633.1,633.3,630.0,630.5,0.04815
2026.01.03 04:50:00,630.4,630.5,628.9,629.4,0.0322
2026.01.03 05:00:00,629.3,630.9,629.2,629.6,0.03547
2026.01.03 05:10:00,629.7,630.0,628.1,629.8,0.0377
2026.01.03 05:20:00,629.9,629.9,628.8,629.5,0.02755
2026.01.03 05:30:00,629.4,631.7,629.3,631.5,0.0547
2026.01.03 05:40:00,631.4,632.0,630.5,631.2,0.03733
2026.01.03 05:50:00,631.3,631.3,630.3,630.6,0.03559
2026.01.03 06:00:00,630.5,631.4,629.3,629.5,0.04899
2026.01.03 06:10:00,629.6,629.7,628.2,629.1,0.04919
2026.01.03 06:20:00,628.9,629.3,628.7,629.2,0.02958
2026.01.03 06:30:00,629.3,630.5,629.3,630.0,0.03315
2026.01.03 06:40:00,629.9,630.4,628.4,628.5,0.0351
2026.01.03 06:50:00,628.4,628.9,627.9,628.9,0.02396
2026.01.03 07:00:00,629.0,629.6,628.5,628.7,0.01181
2026.01.03 07:10:00,628.6,629.0,626.8,626.8,0.00678
2026.01.03 07:20:00,626.7,626.8,625.5,626.0,0.00504
2026.01.03 07:30:00,625.9,626.3,624.6,625.3,0.03727
2026.01.03 07:40:00,625.1,626.8,623.3,626.4,0.0598
2026.01.03 07:50:00,626.6,627.3,626.1,626.7,0.03878
2026.01.03 08:00:00,626.6,627.1,625.8,626.6,0.05647
2026.01.03 08:10:00,626.7,627.5,626.6,627.3,0.03157
2026.01.03 08:20:00,627.2,627.4,626.3,626.3,0.0278
2026.01.03 08:30:00,626.4,628.3,626.2,627.7,0.02573
2026.01.03 08:40:00,627.8,628.0,625.4,625.6,0.03368
2026.01.03 08:50:00,625.7,640.8,625.6,633.8,0.12102
2026.01.03 09:00:00,633.7,638.3,633.6,633.7,0.07773
2026.01.03 09:10:00,633.5,634.1,628.6,629.3,0.06888
2026.01.03 09:20:00,629.2,632.4,627.9,629.8,0.07959
2026.01.03 09:30:00,629.7,631.7,628.4,631.3,0.06838
